TRUNCATE table admin_roles;
INSERT INTO admin_roles (id, name) VALUES
  (1, 'master'),
  (2, 'agency'),
  (3, 'store');

TRUNCATE table regions;
INSERT INTO regions (id, name, name_kana) VALUES
  (1,'北海道地方','ホッカイドウチホウ'),
  (2,'東北地方','トウホクチホウ'),
  (3,'関東地方','カントウチホウ'),
  (4,'中部地方','チュウブチホウ'),
  (5,'近畿地方','キンキチホウ'),
  (6,'中国地方','チュウゴクチホウ'),
  (7,'四国地方','シコクチホウ'),
  (8,'九州地方','キュウシュウチホウ');

TRUNCATE table prefectures;
INSERT INTO prefectures (id, region_id, name, name_kana) VALUES
  (1,1,'北海道','ホッカイドウ'),
  (2,2,'青森県','アオモリケン'),
  (3,2,'岩手県','イワテケン'),
  (4,2,'宮城県','ミヤギケン'),
  (5,2,'秋田県','アキタケン'),
  (6,2,'山形県','ヤマガタケン'),
  (7,2,'福島県','フクシマケン'),
  (8,3,'茨城県','イバラキケン'),
  (9,3,'栃木県','トチギケン'),
  (10,3,'群馬県','グンマケン'),
  (11,3,'埼玉県','サイタマケン'),
  (12,3,'千葉県','チバケン'),
  (13,3,'東京都','トウキョウト'),
  (14,3,'神奈川県','カナガワケン'),
  (15,4,'新潟県','ニイガタケン'),
  (16,4,'富山県','トヤマケン'),
  (17,4,'石川県','イシカワケン'),
  (18,4,'福井県','フクイケン'),
  (19,4,'山梨県','ヤマナシケン'),
  (20,4,'長野県','ナガノケン'),
  (21,4,'岐阜県','ギフケン'),
  (22,4,'静岡県','シズオカケン'),
  (23,4,'愛知県','アイチケン'),
  (24,5,'三重県','ミエケン'),
  (25,5,'滋賀県','シガケン'),
  (26,5,'京都府','キョウトフ'),
  (27,5,'大阪府','オオサカフ'),
  (28,5,'兵庫県','ヒョウゴケン'),
  (29,5,'奈良県','ナラケン'),
  (30,5,'和歌山県','ワカヤマケン'),
  (31,6,'鳥取県','トットリケン'),
  (32,6,'島根県','シマネケン'),
  (33,6,'岡山県','オカヤマケン'),
  (34,6,'広島県','ヒロシマケン'),
  (35,6,'山口県','ヤマグチケン'),
  (36,7,'徳島県','トクシマケン'),
  (37,7,'香川県','カガワケン'),
  (38,7,'愛媛県','エヒメケン'),
  (39,7,'高知県','コウチケン'),
  (40,8,'福岡県','フクオカケン'),
  (41,8,'佐賀県','サガケン'),
  (42,8,'長崎県','ナガサキケン'),
  (43,8,'熊本県','クマモトケン'),
  (44,8,'大分県','オオイタケン'),
  (45,8,'宮崎県','ミヤザキケン'),
  (46,8,'鹿児島県','カゴシマケン'),
  (47,8,'沖縄県','オキナワケン');

TRUNCATE table areas;
INSERT INTO areas (id, prefecture_id, name) VALUES
  (1,13,'日本橋'),
  (2,13,'銀座・新橋'),
  (3,13,'秋葉原'),
  (4,13,'四ッ谷'),
  (5,13,'田町・浜松町'),
  (6,13,'六本木・赤坂'),
  (7,13,'恵比寿'),
  (8,13,'渋谷'),
  (9,13,'青山・原宿'),
  (10,13,'新宿'),
  (11,13,'高田馬場'),
  (12,13,'池袋・大塚'),
  (13,13,'上野・浅草'),
  (14,13,'錦糸町'),
  (15,13,'豊洲'),
  (16,13,'北千住・日暮里'),
  (17,13,'西新井・竹の塚'),
  (18,13,'綾瀬・亀有'),
  (19,13,'小岩'),
  (20,13,'葛西'),
  (21,13,'五反田・目黒'),
  (22,13,'武蔵小山'),
  (23,13,'大井町'),
  (24,13,'蒲田・大森'),
  (25,13,'中目黒・自由が丘'),
  (26,13,'三軒茶屋'),
  (27,13,'下北沢'),
  (28,13,'高井戸'),
  (29,13,'中野・荻窪'),
  (30,13,'練馬'),
  (31,13,'板橋'),
  (32,13,'巣鴨・田端'),
  (33,13,'赤羽・十条'),
  (34,13,'吉祥寺・三鷹'),
  (35,13,'調布・府中'),
  (36,13,'国分寺'),
  (37,13,'立川・青梅'),
  (38,13,'西東京'),
  (39,13,'東村山・小平'),
  (40,13,'多摩・稲城'),
  (41,13,'八王子'),
  (42,13,'町田'),
  (43,14,'高津区・宮前区・青葉区'),
  (44,14,'多摩区・麻布区'),
  (45,14,'中原区・港北区'),
  (46,14,'都筑区・緑区'),
  (47,14,'横浜'),
  (48,14,'戸塚区・栄区'),
  (49,14,'南区・港南区'),
  (50,14,'旭区・泉区・瀬谷区'),
  (51,14,'川崎・鶴見'),
  (52,14,'関内'),
  (53,14,'横須賀・三浦'),
  (54,14,'藤沢・茅ヶ崎・平塚'),
  (55,14,'綾瀬・大和'),
  (56,14,'鎌倉・逗子'),
  (57,14,'厚木・座間・海老名'),
  (58,14,'秦野・伊勢原'),
  (59,14,'相模原'),
  (60,14,'小田原'),
  (61,11,'川口・戸田'),
  (62,11,'大宮'),
  (63,11,'浦和'),
  (64,11,'川越'),
  (65,11,'所沢・狭山・入間'),
  (66,11,'坂戸・日高'),
  (67,11,'上尾・鴻巣'),
  (68,11,'朝霞・和光・富士見'),
  (69,11,'久喜・蓮田'),
  (70,11,'草加・三郷'),
  (71,11,'越谷'),
  (72,11,'春日部'),
  (73,11,'熊谷・深谷'),
  (74,12,'千葉市中央区'),
  (75,12,'幕張・習志野'),
  (76,12,'船橋・浦安・市川'),
  (77,12,'柏・松戸'),
  (78,12,'佐倉'),
  (79,12,'勝浦'),
  (80,12,'鴨川・館山'),
  (81,12,'成田'),
  (82,12,'木更津・市原'),
  (83,23,'名古屋市'),
  (84,23,'名古屋市以外'),
  (85,27,'梅田'),
  (86,27,'京橋'),
  (87,27,'心斎橋'),
  (88,27,'難波・天王寺'),
  (89,27,'大阪市以外');

TRUNCATE table business_conditions;
INSERT INTO business_conditions (id, name) VALUES
  (1, 'キャバクラ'),
  (2, 'ニュークラブ'),
  (3, 'クラブ'),
  (4, 'ラウンジ'),
  (5, 'スナック'),
  (6, 'ガールズバー'),
  (7, 'パブクラブ'),
  (8, 'ショークラブ'),
  (9, 'ガールズラウンジ'),
  (10, '朝キャバ/昼キャバ'),
  (11, 'その他');

TRUNCATE table occupations;
INSERT INTO occupations (id, name) VALUES
  (1, 'ホールスタッフ(社員)'),
  (2, 'ホールスタッフ(バイト)'),
  (3, 'キッチン(社員)'),
  (4, 'キッチン(バイト)'),
  (5, 'バーテンダー(社員)'),
  (6, 'バーテンダー(バイト)'),
  (7, '幹部・店長候補'),
  (8, 'ドライバー'),
  (9, 'ソムリエ'),
  (10, 'チラシ配布スタッフ'),
  (11, 'キャッシャー'),
  (12, 'ヘアメイク'),
  (13, 'エスコート');

TRUNCATE table specific_tags;
INSERT INTO specific_tags (id, name) VALUES
  (1, '未経験者歓迎'),
  (2, '経験者優遇'),
  (3, '年齢不問'),
  (4, '学歴不問'),
  (5, '寮・社宅完備'),
  (6, '社会保険完備'),
  (7, '週休二日'),
  (8, '日払い可'),
  (9, '終電上がり可'),
  (10, '送りあり'),
  (11, '昇給昇格あり'),
  (12, '歩合給あり'),
  (13, '社員旅行あり'),
  (14, '独立支援制度あり'),
  (15, '交通費支給'),
  (16, '制服貸与'),
  (17, '中高年歓迎'),
  (18, '面接随時');

TRUNCATE table store_statuses;
INSERT INTO store_statuses (id, name) VALUES
  (1, '申請中'),
  (2, '拒否'),
  (3, '承認済');

TRUNCATE table published_contract_statuses;
INSERT INTO published_contract_statuses (id, name) VALUES
  (1, '申請中'),
  (2, '拒否'),
  (3, '承認済'),
  (4, '終了');

TRUNCATE table published_contract_types;
INSERT INTO published_contract_types (id, name) VALUES
  (1, 'プラン'),
  (2, 'オプション');

TRUNCATE table recruitment_statuses;
INSERT INTO recruitment_statuses (id, name) VALUES
  (1, '申請中'),
  (2, '拒否'),
  (3, '公開予定'),
  (4, '公開中'),
  (5, '公開終了'),
  (6, '早期終了');

TRUNCATE table question_statuses;
INSERT INTO question_statuses (id, name) VALUES
  (1, '未回答'),
  (2, '回答済');

TRUNCATE table published_options;
INSERT INTO published_options (id, name) VALUES
  (1, 'ピックアップ'),
  (2, 'サイドバナー'),
  (3, 'リストトップ');

TRUNCATE table published_plans;
INSERT INTO published_plans (id, name) VALUES
  (1, '掲載');

TRUNCATE table payment_types;
INSERT INTO payment_types (id, name) VALUES
  (1, '時給'),
  (2, '日給'),
  (3, '月給');